type,name,description,value
homeopathy,Arnica Montana,Trauma & bruising,30C 200C
homeopathy,Belladonna,High fever & inflammation,30C 1M
homeopathy,Calendula,Topical wounds & healing,30C
homeopathy,Nux Vomica,"Indigestion, irritability",30C
homeopathy,Aconite,"Sudden shock, fear",30C
homeopathy,Gelsemium,"Stage fright, anxiety",30C
homeopathy,Phosphorus,Bleeding disorders,30C
homeopathy,Ignatia,"Grief, emotional shock",30C
homeopathy,Bryonia,"Joint pain, dry cough",30C
homeopathy,Rhus Tox,"Back pain, rheumatism",30C
homeopathy,Arnica Montana,Trauma & bruising,30C 200C
homeopathy,Belladonna,High fever & inflammation,30C 1M
homeopathy,Calendula,Topical wounds & healing,30C
homeopathy,Nux Vomica,"Indigestion, irritability",30C
homeopathy,Aconite,"Sudden shock, fear",30C
homeopathy,Gelsemium,"Stage fright, anxiety",30C
homeopathy,Phosphorus,Bleeding disorders,30C
homeopathy,Ignatia,"Grief, emotional shock",30C
homeopathy,Bryonia,"Joint pain, dry cough",30C
homeopathy,Rhus Tox,"Back pain, rheumatism",30C
homeopathy,Arnica Montana,Trauma & bruising,30C 200C
homeopathy,Belladonna,High fever & inflammation,30C 1M
homeopathy,Calendula,Topical wounds & healing,30C
homeopathy,Nux Vomica,"Indigestion, irritability",30C
homeopathy,Aconite,"Sudden shock, fear",30C
homeopathy,Gelsemium,"Stage fright, anxiety",30C
homeopathy,Phosphorus,Bleeding disorders,30C
homeopathy,Ignatia,"Grief, emotional shock",30C
homeopathy,Bryonia,"Joint pain, dry cough",30C
homeopathy,Rhus Tox,"Back pain, rheumatism",30C
homeopathy,Arnica Montana,Trauma & bruising,30C 200C
homeopathy,Belladonna,High fever & inflammation,30C 1M
homeopathy,Calendula,Topical wounds & healing,30C
homeopathy,Nux Vomica,"Indigestion, irritability",30C
homeopathy,Aconite,"Sudden shock, fear",30C
homeopathy,Gelsemium,"Stage fright, anxiety",30C
homeopathy,Phosphorus,Bleeding disorders,30C
homeopathy,Ignatia,"Grief, emotional shock",30C
homeopathy,Bryonia,"Joint pain, dry cough",30C
homeopathy,Rhus Tox,"Back pain, rheumatism",30C
homeopathy,Arnica Montana,Trauma & bruising,30C 200C
homeopathy,Belladonna,High fever & inflammation,30C 1M
homeopathy,Calendula,Topical wounds & healing,30C
homeopathy,Nux Vomica,"Indigestion, irritability",30C
homeopathy,Aconite,"Sudden shock, fear",30C
homeopathy,Gelsemium,"Stage fright, anxiety",30C
homeopathy,Phosphorus,Bleeding disorders,30C
homeopathy,Ignatia,"Grief, emotional shock",30C
homeopathy,Bryonia,"Joint pain, dry cough",30C
homeopathy,Rhus Tox,"Back pain, rheumatism",30C
homeopathy,Arnica Montana,Trauma & bruising,30C 200C
homeopathy,Belladonna,High fever & inflammation,30C 1M
homeopathy,Calendula,Topical wounds & healing,30C
homeopathy,Nux Vomica,"Indigestion, irritability",30C
homeopathy,Aconite,"Sudden shock, fear",30C
homeopathy,Gelsemium,"Stage fright, anxiety",30C
homeopathy,Phosphorus,Bleeding disorders,30C
homeopathy,Ignatia,"Grief, emotional shock",30C
homeopathy,Bryonia,"Joint pain, dry cough",30C
homeopathy,Rhus Tox,"Back pain, rheumatism",30C
homeopathy,Arnica Montana,Trauma & bruising,30C 200C
homeopathy,Belladonna,High fever & inflammation,30C 1M
homeopathy,Calendula,Topical wounds & healing,30C
homeopathy,Nux Vomica,"Indigestion, irritability",30C
homeopathy,Aconite,"Sudden shock, fear",30C
homeopathy,Gelsemium,"Stage fright, anxiety",30C
homeopathy,Phosphorus,Bleeding disorders,30C
homeopathy,Ignatia,"Grief, emotional shock",30C
homeopathy,Bryonia,"Joint pain, dry cough",30C
homeopathy,Rhus Tox,"Back pain, rheumatism",30C
homeopathy,Arnica Montana,Trauma & bruising,30C 200C
homeopathy,Belladonna,High fever & inflammation,30C 1M
homeopathy,Calendula,Topical wounds & healing,30C
homeopathy,Nux Vomica,"Indigestion, irritability",30C
homeopathy,Aconite,"Sudden shock, fear",30C
homeopathy,Gelsemium,"Stage fright, anxiety",30C
homeopathy,Phosphorus,Bleeding disorders,30C
homeopathy,Ignatia,"Grief, emotional shock",30C
homeopathy,Bryonia,"Joint pain, dry cough",30C
homeopathy,Rhus Tox,"Back pain, rheumatism",30C
homeopathy,Arnica Montana,Trauma & bruising,30C 200C
homeopathy,Belladonna,High fever & inflammation,30C 1M
homeopathy,Calendula,Topical wounds & healing,30C
homeopathy,Nux Vomica,"Indigestion, irritability",30C
homeopathy,Aconite,"Sudden shock, fear",30C
homeopathy,Gelsemium,"Stage fright, anxiety",30C
homeopathy,Phosphorus,Bleeding disorders,30C
homeopathy,Ignatia,"Grief, emotional shock",30C
homeopathy,Bryonia,"Joint pain, dry cough",30C
homeopathy,Rhus Tox,"Back pain, rheumatism",30C
homeopathy,Arnica Montana,Trauma & bruising,30C 200C
homeopathy,Belladonna,High fever & inflammation,30C 1M
homeopathy,Calendula,Topical wounds & healing,30C
homeopathy,Nux Vomica,"Indigestion, irritability",30C
homeopathy,Aconite,"Sudden shock, fear",30C
homeopathy,Gelsemium,"Stage fright, anxiety",30C
homeopathy,Phosphorus,Bleeding disorders,30C
homeopathy,Ignatia,"Grief, emotional shock",30C
homeopathy,Bryonia,"Joint pain, dry cough",30C
homeopathy,Rhus Tox,"Back pain, rheumatism",30C
homeopathy,Arnica Montana,Trauma & bruising,30C 200C
homeopathy,Belladonna,High fever & inflammation,30C 1M
homeopathy,Calendula,Topical wounds & healing,30C
homeopathy,Nux Vomica,"Indigestion, irritability",30C
homeopathy,Aconite,"Sudden shock, fear",30C
homeopathy,Gelsemium,"Stage fright, anxiety",30C
homeopathy,Phosphorus,Bleeding disorders,30C
homeopathy,Ignatia,"Grief, emotional shock",30C
homeopathy,Bryonia,"Joint pain, dry cough",30C
homeopathy,Rhus Tox,"Back pain, rheumatism",30C
homeopathy,Arnica Montana,Trauma & bruising,30C 200C
homeopathy,Belladonna,High fever & inflammation,30C 1M
homeopathy,Calendula,Topical wounds & healing,30C
homeopathy,Nux Vomica,"Indigestion, irritability",30C
homeopathy,Aconite,"Sudden shock, fear",30C
homeopathy,Gelsemium,"Stage fright, anxiety",30C
homeopathy,Phosphorus,Bleeding disorders,30C
homeopathy,Ignatia,"Grief, emotional shock",30C
homeopathy,Bryonia,"Joint pain, dry cough",30C
homeopathy,Rhus Tox,"Back pain, rheumatism",30C
homeopathy,Arnica Montana,Trauma & bruising,30C 200C
homeopathy,Belladonna,High fever & inflammation,30C 1M
homeopathy,Calendula,Topical wounds & healing,30C
homeopathy,Nux Vomica,"Indigestion, irritability",30C
homeopathy,Aconite,"Sudden shock, fear",30C
homeopathy,Gelsemium,"Stage fright, anxiety",30C
homeopathy,Phosphorus,Bleeding disorders,30C
homeopathy,Ignatia,"Grief, emotional shock",30C
homeopathy,Bryonia,"Joint pain, dry cough",30C
homeopathy,Rhus Tox,"Back pain, rheumatism",30C
homeopathy,Arnica Montana,Trauma & bruising,30C 200C
homeopathy,Belladonna,High fever & inflammation,30C 1M
homeopathy,Calendula,Topical wounds & healing,30C
homeopathy,Nux Vomica,"Indigestion, irritability",30C
homeopathy,Aconite,"Sudden shock, fear",30C
homeopathy,Gelsemium,"Stage fright, anxiety",30C
homeopathy,Phosphorus,Bleeding disorders,30C
homeopathy,Ignatia,"Grief, emotional shock",30C
homeopathy,Bryonia,"Joint pain, dry cough",30C
homeopathy,Rhus Tox,"Back pain, rheumatism",30C
homeopathy,Arnica Montana,Trauma & bruising,30C 200C
homeopathy,Belladonna,High fever & inflammation,30C 1M
homeopathy,Calendula,Topical wounds & healing,30C
homeopathy,Nux Vomica,"Indigestion, irritability",30C
homeopathy,Aconite,"Sudden shock, fear",30C
homeopathy,Gelsemium,"Stage fright, anxiety",30C
homeopathy,Phosphorus,Bleeding disorders,30C
homeopathy,Ignatia,"Grief, emotional shock",30C
homeopathy,Bryonia,"Joint pain, dry cough",30C
homeopathy,Rhus Tox,"Back pain, rheumatism",30C
homeopathy,Arnica Montana,Trauma & bruising,30C 200C
homeopathy,Belladonna,High fever & inflammation,30C 1M
homeopathy,Calendula,Topical wounds & healing,30C
homeopathy,Nux Vomica,"Indigestion, irritability",30C
homeopathy,Aconite,"Sudden shock, fear",30C
homeopathy,Gelsemium,"Stage fright, anxiety",30C
homeopathy,Phosphorus,Bleeding disorders,30C
homeopathy,Ignatia,"Grief, emotional shock",30C
homeopathy,Bryonia,"Joint pain, dry cough",30C
homeopathy,Rhus Tox,"Back pain, rheumatism",30C
homeopathy,Arnica Montana,Trauma & bruising,30C 200C
homeopathy,Belladonna,High fever & inflammation,30C 1M
homeopathy,Calendula,Topical wounds & healing,30C
homeopathy,Nux Vomica,"Indigestion, irritability",30C
homeopathy,Aconite,"Sudden shock, fear",30C
homeopathy,Gelsemium,"Stage fright, anxiety",30C
homeopathy,Phosphorus,Bleeding disorders,30C
homeopathy,Ignatia,"Grief, emotional shock",30C
homeopathy,Bryonia,"Joint pain, dry cough",30C
homeopathy,Rhus Tox,"Back pain, rheumatism",30C
homeopathy,Arnica Montana,Trauma & bruising,30C 200C
homeopathy,Belladonna,High fever & inflammation,30C 1M
homeopathy,Calendula,Topical wounds & healing,30C
homeopathy,Nux Vomica,"Indigestion, irritability",30C
homeopathy,Aconite,"Sudden shock, fear",30C
homeopathy,Gelsemium,"Stage fright, anxiety",30C
homeopathy,Phosphorus,Bleeding disorders,30C
homeopathy,Ignatia,"Grief, emotional shock",30C
homeopathy,Bryonia,"Joint pain, dry cough",30C
homeopathy,Rhus Tox,"Back pain, rheumatism",30C
homeopathy,Arnica Montana,Trauma & bruising,30C 200C
homeopathy,Belladonna,High fever & inflammation,30C 1M
homeopathy,Calendula,Topical wounds & healing,30C
homeopathy,Nux Vomica,"Indigestion, irritability",30C
homeopathy,Aconite,"Sudden shock, fear",30C
homeopathy,Gelsemium,"Stage fright, anxiety",30C
homeopathy,Phosphorus,Bleeding disorders,30C
homeopathy,Ignatia,"Grief, emotional shock",30C
homeopathy,Bryonia,"Joint pain, dry cough",30C
homeopathy,Rhus Tox,"Back pain, rheumatism",30C
homeopathy,Arnica Montana,Trauma & bruising,30C 200C
homeopathy,Belladonna,High fever & inflammation,30C 1M
homeopathy,Calendula,Topical wounds & healing,30C
homeopathy,Nux Vomica,"Indigestion, irritability",30C
homeopathy,Aconite,"Sudden shock, fear",30C
homeopathy,Gelsemium,"Stage fright, anxiety",30C
homeopathy,Phosphorus,Bleeding disorders,30C
homeopathy,Ignatia,"Grief, emotional shock",30C
homeopathy,Bryonia,"Joint pain, dry cough",30C
homeopathy,Rhus Tox,"Back pain, rheumatism",30C
homeopathy,Arnica Montana,Trauma & bruising,30C 200C
homeopathy,Belladonna,High fever & inflammation,30C 1M
homeopathy,Calendula,Topical wounds & healing,30C
homeopathy,Nux Vomica,"Indigestion, irritability",30C
homeopathy,Aconite,"Sudden shock, fear",30C
homeopathy,Gelsemium,"Stage fright, anxiety",30C
homeopathy,Phosphorus,Bleeding disorders,30C
homeopathy,Ignatia,"Grief, emotional shock",30C
homeopathy,Bryonia,"Joint pain, dry cough",30C
homeopathy,Rhus Tox,"Back pain, rheumatism",30C
homeopathy,Arnica Montana,Trauma & bruising,30C 200C
homeopathy,Belladonna,High fever & inflammation,30C 1M
homeopathy,Calendula,Topical wounds & healing,30C
homeopathy,Nux Vomica,"Indigestion, irritability",30C
homeopathy,Aconite,"Sudden shock, fear",30C
homeopathy,Gelsemium,"Stage fright, anxiety",30C
homeopathy,Phosphorus,Bleeding disorders,30C
homeopathy,Ignatia,"Grief, emotional shock",30C
homeopathy,Bryonia,"Joint pain, dry cough",30C
homeopathy,Rhus Tox,"Back pain, rheumatism",30C
homeopathy,Arnica Montana,Trauma & bruising,30C 200C
homeopathy,Belladonna,High fever & inflammation,30C 1M
homeopathy,Calendula,Topical wounds & healing,30C
homeopathy,Nux Vomica,"Indigestion, irritability",30C
homeopathy,Aconite,"Sudden shock, fear",30C
homeopathy,Gelsemium,"Stage fright, anxiety",30C
homeopathy,Phosphorus,Bleeding disorders,30C
homeopathy,Ignatia,"Grief, emotional shock",30C
homeopathy,Bryonia,"Joint pain, dry cough",30C
homeopathy,Rhus Tox,"Back pain, rheumatism",30C
homeopathy,Arnica Montana,Trauma & bruising,30C 200C
homeopathy,Belladonna,High fever & inflammation,30C 1M
homeopathy,Calendula,Topical wounds & healing,30C
homeopathy,Nux Vomica,"Indigestion, irritability",30C
homeopathy,Aconite,"Sudden shock, fear",30C
homeopathy,Gelsemium,"Stage fright, anxiety",30C
homeopathy,Phosphorus,Bleeding disorders,30C
homeopathy,Ignatia,"Grief, emotional shock",30C
homeopathy,Bryonia,"Joint pain, dry cough",30C
homeopathy,Rhus Tox,"Back pain, rheumatism",30C
homeopathy,Arnica Montana,Trauma & bruising,30C 200C
homeopathy,Belladonna,High fever & inflammation,30C 1M
homeopathy,Calendula,Topical wounds & healing,30C
homeopathy,Nux Vomica,"Indigestion, irritability",30C
homeopathy,Aconite,"Sudden shock, fear",30C
homeopathy,Gelsemium,"Stage fright, anxiety",30C
homeopathy,Phosphorus,Bleeding disorders,30C
homeopathy,Ignatia,"Grief, emotional shock",30C
homeopathy,Bryonia,"Joint pain, dry cough",30C
homeopathy,Rhus Tox,"Back pain, rheumatism",30C
homeopathy,Sulphur,"Skin disorders, itchiness",30C
homeopathy,Lycopodium,"Gas, bloating, confidence",30C
homeopathy,Pulsatilla,"Hormonal imbalance, mood swings",30C
homeopathy,Chamomilla,"Irritability, teething",30C
homeopathy,Hepar Sulph,"Infections, abscesses",30C
homeopathy,Silicea,"Weak immunity, pus formation",30C
homeopathy,Natrum Muriaticum,"Emotional pain, headaches",30C
homeopathy,Sepia,Hormonal and uterine support,30C
homeopathy,Carbo Veg,"Shock, gas, indigestion",30C
homeopathy,Antimonium Tart,"Bronchitis, mucus",30C
homeopathy,Sulphur,"Skin disorders, itchiness",30C
homeopathy,Lycopodium,"Gas, bloating, confidence",30C
homeopathy,Pulsatilla,"Hormonal imbalance, mood swings",30C
homeopathy,Chamomilla,"Irritability, teething",30C
homeopathy,Hepar Sulph,"Infections, abscesses",30C
homeopathy,Silicea,"Weak immunity, pus formation",30C
homeopathy,Natrum Muriaticum,"Emotional pain, headaches",30C
homeopathy,Sepia,Hormonal and uterine support,30C
homeopathy,Carbo Veg,"Shock, gas, indigestion",30C
homeopathy,Antimonium Tart,"Bronchitis, mucus",30C
homeopathy,Sulphur,"Skin disorders, itchiness",30C
homeopathy,Lycopodium,"Gas, bloating, confidence",30C
homeopathy,Pulsatilla,"Hormonal imbalance, mood swings",30C
homeopathy,Chamomilla,"Irritability, teething",30C
homeopathy,Hepar Sulph,"Infections, abscesses",30C
homeopathy,Silicea,"Weak immunity, pus formation",30C
homeopathy,Natrum Muriaticum,"Emotional pain, headaches",30C
homeopathy,Sepia,Hormonal and uterine support,30C
homeopathy,Carbo Veg,"Shock, gas, indigestion",30C
homeopathy,Antimonium Tart,"Bronchitis, mucus",30C
homeopathy,Sulphur,"Skin disorders, itchiness",30C
homeopathy,Lycopodium,"Gas, bloating, confidence",30C
homeopathy,Pulsatilla,"Hormonal imbalance, mood swings",30C
homeopathy,Chamomilla,"Irritability, teething",30C
homeopathy,Hepar Sulph,"Infections, abscesses",30C
homeopathy,Silicea,"Weak immunity, pus formation",30C
homeopathy,Natrum Muriaticum,"Emotional pain, headaches",30C
homeopathy,Sepia,Hormonal and uterine support,30C
homeopathy,Carbo Veg,"Shock, gas, indigestion",30C
homeopathy,Antimonium Tart,"Bronchitis, mucus",30C
homeopathy,Sulphur,"Skin disorders, itchiness",30C
homeopathy,Lycopodium,"Gas, bloating, confidence",30C
homeopathy,Pulsatilla,"Hormonal imbalance, mood swings",30C
homeopathy,Chamomilla,"Irritability, teething",30C
homeopathy,Hepar Sulph,"Infections, abscesses",30C
homeopathy,Silicea,"Weak immunity, pus formation",30C
homeopathy,Natrum Muriaticum,"Emotional pain, headaches",30C
homeopathy,Sepia,Hormonal and uterine support,30C
homeopathy,Carbo Veg,"Shock, gas, indigestion",30C
homeopathy,Antimonium Tart,"Bronchitis, mucus",30C
homeopathy,Sulphur,"Skin disorders, itchiness",30C
homeopathy,Lycopodium,"Gas, bloating, confidence",30C
homeopathy,Pulsatilla,"Hormonal imbalance, mood swings",30C
homeopathy,Chamomilla,"Irritability, teething",30C
homeopathy,Hepar Sulph,"Infections, abscesses",30C
homeopathy,Silicea,"Weak immunity, pus formation",30C
homeopathy,Natrum Muriaticum,"Emotional pain, headaches",30C
homeopathy,Sepia,Hormonal and uterine support,30C
homeopathy,Carbo Veg,"Shock, gas, indigestion",30C
homeopathy,Antimonium Tart,"Bronchitis, mucus",30C
homeopathy,Sulphur,"Skin disorders, itchiness",30C
homeopathy,Lycopodium,"Gas, bloating, confidence",30C
homeopathy,Pulsatilla,"Hormonal imbalance, mood swings",30C
homeopathy,Chamomilla,"Irritability, teething",30C
homeopathy,Hepar Sulph,"Infections, abscesses",30C
homeopathy,Silicea,"Weak immunity, pus formation",30C
homeopathy,Natrum Muriaticum,"Emotional pain, headaches",30C
homeopathy,Sepia,Hormonal and uterine support,30C
homeopathy,Carbo Veg,"Shock, gas, indigestion",30C
homeopathy,Antimonium Tart,"Bronchitis, mucus",30C
homeopathy,Sulphur,"Skin disorders, itchiness",30C
homeopathy,Lycopodium,"Gas, bloating, confidence",30C
homeopathy,Pulsatilla,"Hormonal imbalance, mood swings",30C
homeopathy,Chamomilla,"Irritability, teething",30C
homeopathy,Hepar Sulph,"Infections, abscesses",30C
homeopathy,Silicea,"Weak immunity, pus formation",30C
homeopathy,Natrum Muriaticum,"Emotional pain, headaches",30C
homeopathy,Sepia,Hormonal and uterine support,30C
homeopathy,Carbo Veg,"Shock, gas, indigestion",30C
homeopathy,Antimonium Tart,"Bronchitis, mucus",30C
homeopathy,Sulphur,"Skin disorders, itchiness",30C
homeopathy,Lycopodium,"Gas, bloating, confidence",30C
homeopathy,Pulsatilla,"Hormonal imbalance, mood swings",30C
homeopathy,Chamomilla,"Irritability, teething",30C
homeopathy,Hepar Sulph,"Infections, abscesses",30C
homeopathy,Silicea,"Weak immunity, pus formation",30C
homeopathy,Natrum Muriaticum,"Emotional pain, headaches",30C
homeopathy,Sepia,Hormonal and uterine support,30C
homeopathy,Carbo Veg,"Shock, gas, indigestion",30C
homeopathy,Antimonium Tart,"Bronchitis, mucus",30C
homeopathy,Sulphur,"Skin disorders, itchiness",30C
homeopathy,Lycopodium,"Gas, bloating, confidence",30C
homeopathy,Pulsatilla,"Hormonal imbalance, mood swings",30C
homeopathy,Chamomilla,"Irritability, teething",30C
homeopathy,Hepar Sulph,"Infections, abscesses",30C
homeopathy,Silicea,"Weak immunity, pus formation",30C
homeopathy,Natrum Muriaticum,"Emotional pain, headaches",30C
homeopathy,Sepia,Hormonal and uterine support,30C
homeopathy,Carbo Veg,"Shock, gas, indigestion",30C
homeopathy,Antimonium Tart,"Bronchitis, mucus",30C
homeopathy,Sulphur,"Skin disorders, itchiness",30C
homeopathy,Lycopodium,"Gas, bloating, confidence",30C
homeopathy,Pulsatilla,"Hormonal imbalance, mood swings",30C
homeopathy,Chamomilla,"Irritability, teething",30C
homeopathy,Hepar Sulph,"Infections, abscesses",30C
homeopathy,Silicea,"Weak immunity, pus formation",30C
homeopathy,Natrum Muriaticum,"Emotional pain, headaches",30C
homeopathy,Sepia,Hormonal and uterine support,30C
homeopathy,Carbo Veg,"Shock, gas, indigestion",30C
homeopathy,Antimonium Tart,"Bronchitis, mucus",30C
homeopathy,Sulphur,"Skin disorders, itchiness",30C
homeopathy,Lycopodium,"Gas, bloating, confidence",30C
homeopathy,Pulsatilla,"Hormonal imbalance, mood swings",30C
homeopathy,Chamomilla,"Irritability, teething",30C
homeopathy,Hepar Sulph,"Infections, abscesses",30C
homeopathy,Silicea,"Weak immunity, pus formation",30C
homeopathy,Natrum Muriaticum,"Emotional pain, headaches",30C
homeopathy,Sepia,Hormonal and uterine support,30C
homeopathy,Carbo Veg,"Shock, gas, indigestion",30C
homeopathy,Antimonium Tart,"Bronchitis, mucus",30C
homeopathy,Sulphur,"Skin disorders, itchiness",30C
homeopathy,Lycopodium,"Gas, bloating, confidence",30C
homeopathy,Pulsatilla,"Hormonal imbalance, mood swings",30C
homeopathy,Chamomilla,"Irritability, teething",30C
homeopathy,Hepar Sulph,"Infections, abscesses",30C
homeopathy,Silicea,"Weak immunity, pus formation",30C
homeopathy,Natrum Muriaticum,"Emotional pain, headaches",30C
homeopathy,Sepia,Hormonal and uterine support,30C
homeopathy,Carbo Veg,"Shock, gas, indigestion",30C
homeopathy,Antimonium Tart,"Bronchitis, mucus",30C
homeopathy,Sulphur,"Skin disorders, itchiness",30C
homeopathy,Lycopodium,"Gas, bloating, confidence",30C
homeopathy,Pulsatilla,"Hormonal imbalance, mood swings",30C
homeopathy,Chamomilla,"Irritability, teething",30C
homeopathy,Hepar Sulph,"Infections, abscesses",30C
homeopathy,Silicea,"Weak immunity, pus formation",30C
homeopathy,Natrum Muriaticum,"Emotional pain, headaches",30C
homeopathy,Sepia,Hormonal and uterine support,30C
homeopathy,Carbo Veg,"Shock, gas, indigestion",30C
homeopathy,Antimonium Tart,"Bronchitis, mucus",30C
homeopathy,Sulphur,"Skin disorders, itchiness",30C
homeopathy,Lycopodium,"Gas, bloating, confidence",30C
homeopathy,Pulsatilla,"Hormonal imbalance, mood swings",30C
homeopathy,Chamomilla,"Irritability, teething",30C
homeopathy,Hepar Sulph,"Infections, abscesses",30C
homeopathy,Silicea,"Weak immunity, pus formation",30C
homeopathy,Natrum Muriaticum,"Emotional pain, headaches",30C
homeopathy,Sepia,Hormonal and uterine support,30C
homeopathy,Carbo Veg,"Shock, gas, indigestion",30C
homeopathy,Antimonium Tart,"Bronchitis, mucus",30C
homeopathy,Sulphur,"Skin disorders, itchiness",30C
homeopathy,Lycopodium,"Gas, bloating, confidence",30C
homeopathy,Pulsatilla,"Hormonal imbalance, mood swings",30C
homeopathy,Chamomilla,"Irritability, teething",30C
homeopathy,Hepar Sulph,"Infections, abscesses",30C
homeopathy,Silicea,"Weak immunity, pus formation",30C
homeopathy,Natrum Muriaticum,"Emotional pain, headaches",30C
homeopathy,Sepia,Hormonal and uterine support,30C
homeopathy,Carbo Veg,"Shock, gas, indigestion",30C
homeopathy,Antimonium Tart,"Bronchitis, mucus",30C
homeopathy,Sulphur,"Skin disorders, itchiness",30C
homeopathy,Lycopodium,"Gas, bloating, confidence",30C
homeopathy,Pulsatilla,"Hormonal imbalance, mood swings",30C
homeopathy,Chamomilla,"Irritability, teething",30C
homeopathy,Hepar Sulph,"Infections, abscesses",30C
homeopathy,Silicea,"Weak immunity, pus formation",30C
homeopathy,Natrum Muriaticum,"Emotional pain, headaches",30C
homeopathy,Sepia,Hormonal and uterine support,30C
homeopathy,Carbo Veg,"Shock, gas, indigestion",30C
homeopathy,Antimonium Tart,"Bronchitis, mucus",30C
homeopathy,Sulphur,"Skin disorders, itchiness",30C
homeopathy,Lycopodium,"Gas, bloating, confidence",30C
homeopathy,Pulsatilla,"Hormonal imbalance, mood swings",30C
homeopathy,Chamomilla,"Irritability, teething",30C
homeopathy,Hepar Sulph,"Infections, abscesses",30C
homeopathy,Silicea,"Weak immunity, pus formation",30C
homeopathy,Natrum Muriaticum,"Emotional pain, headaches",30C
homeopathy,Sepia,Hormonal and uterine support,30C
homeopathy,Carbo Veg,"Shock, gas, indigestion",30C
homeopathy,Antimonium Tart,"Bronchitis, mucus",30C
homeopathy,Sulphur,"Skin disorders, itchiness",30C
homeopathy,Lycopodium,"Gas, bloating, confidence",30C
homeopathy,Pulsatilla,"Hormonal imbalance, mood swings",30C
homeopathy,Chamomilla,"Irritability, teething",30C
homeopathy,Hepar Sulph,"Infections, abscesses",30C
homeopathy,Silicea,"Weak immunity, pus formation",30C
homeopathy,Natrum Muriaticum,"Emotional pain, headaches",30C
homeopathy,Sepia,Hormonal and uterine support,30C
homeopathy,Carbo Veg,"Shock, gas, indigestion",30C
homeopathy,Antimonium Tart,"Bronchitis, mucus",30C
homeopathy,Sulphur,"Skin disorders, itchiness",30C
homeopathy,Lycopodium,"Gas, bloating, confidence",30C
homeopathy,Pulsatilla,"Hormonal imbalance, mood swings",30C
homeopathy,Chamomilla,"Irritability, teething",30C
homeopathy,Hepar Sulph,"Infections, abscesses",30C
homeopathy,Silicea,"Weak immunity, pus formation",30C
homeopathy,Natrum Muriaticum,"Emotional pain, headaches",30C
homeopathy,Sepia,Hormonal and uterine support,30C
homeopathy,Carbo Veg,"Shock, gas, indigestion",30C
homeopathy,Antimonium Tart,"Bronchitis, mucus",30C
homeopathy,Sulphur,"Skin disorders, itchiness",30C
homeopathy,Lycopodium,"Gas, bloating, confidence",30C
homeopathy,Pulsatilla,"Hormonal imbalance, mood swings",30C
homeopathy,Chamomilla,"Irritability, teething",30C
homeopathy,Hepar Sulph,"Infections, abscesses",30C
homeopathy,Silicea,"Weak immunity, pus formation",30C
homeopathy,Natrum Muriaticum,"Emotional pain, headaches",30C
homeopathy,Sepia,Hormonal and uterine support,30C
homeopathy,Carbo Veg,"Shock, gas, indigestion",30C
homeopathy,Antimonium Tart,"Bronchitis, mucus",30C
homeopathy,Sulphur,"Skin disorders, itchiness",30C
homeopathy,Lycopodium,"Gas, bloating, confidence",30C
homeopathy,Pulsatilla,"Hormonal imbalance, mood swings",30C
homeopathy,Chamomilla,"Irritability, teething",30C
homeopathy,Hepar Sulph,"Infections, abscesses",30C
homeopathy,Silicea,"Weak immunity, pus formation",30C
homeopathy,Natrum Muriaticum,"Emotional pain, headaches",30C
homeopathy,Sepia,Hormonal and uterine support,30C
homeopathy,Carbo Veg,"Shock, gas, indigestion",30C
homeopathy,Antimonium Tart,"Bronchitis, mucus",30C
homeopathy,Sulphur,"Skin disorders, itchiness",30C
homeopathy,Lycopodium,"Gas, bloating, confidence",30C
homeopathy,Pulsatilla,"Hormonal imbalance, mood swings",30C
homeopathy,Chamomilla,"Irritability, teething",30C
homeopathy,Hepar Sulph,"Infections, abscesses",30C
homeopathy,Silicea,"Weak immunity, pus formation",30C
homeopathy,Natrum Muriaticum,"Emotional pain, headaches",30C
homeopathy,Sepia,Hormonal and uterine support,30C
homeopathy,Carbo Veg,"Shock, gas, indigestion",30C
homeopathy,Antimonium Tart,"Bronchitis, mucus",30C
homeopathy,Sulphur,"Skin disorders, itchiness",30C
homeopathy,Lycopodium,"Gas, bloating, confidence",30C
homeopathy,Pulsatilla,"Hormonal imbalance, mood swings",30C
homeopathy,Chamomilla,"Irritability, teething",30C
homeopathy,Hepar Sulph,"Infections, abscesses",30C
homeopathy,Silicea,"Weak immunity, pus formation",30C
homeopathy,Natrum Muriaticum,"Emotional pain, headaches",30C
homeopathy,Sepia,Hormonal and uterine support,30C
homeopathy,Carbo Veg,"Shock, gas, indigestion",30C
homeopathy,Antimonium Tart,"Bronchitis, mucus",30C
homeopathy,Sulphur,"Skin disorders, itchiness",30C
homeopathy,Lycopodium,"Gas, bloating, confidence",30C
homeopathy,Pulsatilla,"Hormonal imbalance, mood swings",30C
homeopathy,Chamomilla,"Irritability, teething",30C
homeopathy,Hepar Sulph,"Infections, abscesses",30C
homeopathy,Silicea,"Weak immunity, pus formation",30C
homeopathy,Natrum Muriaticum,"Emotional pain, headaches",30C
homeopathy,Sepia,Hormonal and uterine support,30C
homeopathy,Carbo Veg,"Shock, gas, indigestion",30C
homeopathy,Antimonium Tart,"Bronchitis, mucus",30C
homeopathy,Allium Cepa,"Cold, runny nose, sneezing",30C
homeopathy,Apis Mellifica,"Swelling, stings, hives",30C
homeopathy,Arsenicum Album,"Food poisoning, restlessness",30C
homeopathy,Baryta Carbonica,"Shyness, developmental delay",30C
homeopathy,Cocculus Indicus,"Jet lag, motion sickness",30C
homeopathy,Dulcamara,Cold from damp weather,30C
homeopathy,Euphrasia,Eye irritation and allergies,30C
homeopathy,Hypericum,Nerve injuries,30C
homeopathy,Kali Bichromicum,"Sinus issues, sticky mucus",30C
homeopathy,Lachesis,"Menopausal symptoms, jealousy",30C
homeopathy,Allium Cepa,"Cold, runny nose, sneezing",30C
homeopathy,Apis Mellifica,"Swelling, stings, hives",30C
homeopathy,Arsenicum Album,"Food poisoning, restlessness",30C
homeopathy,Baryta Carbonica,"Shyness, developmental delay",30C
homeopathy,Cocculus Indicus,"Jet lag, motion sickness",30C
homeopathy,Dulcamara,Cold from damp weather,30C
homeopathy,Euphrasia,Eye irritation and allergies,30C
homeopathy,Hypericum,Nerve injuries,30C
homeopathy,Kali Bichromicum,"Sinus issues, sticky mucus",30C
homeopathy,Lachesis,"Menopausal symptoms, jealousy",30C
homeopathy,Allium Cepa,"Cold, runny nose, sneezing",30C
homeopathy,Apis Mellifica,"Swelling, stings, hives",30C
homeopathy,Arsenicum Album,"Food poisoning, restlessness",30C
homeopathy,Baryta Carbonica,"Shyness, developmental delay",30C
homeopathy,Cocculus Indicus,"Jet lag, motion sickness",30C
homeopathy,Dulcamara,Cold from damp weather,30C
homeopathy,Euphrasia,Eye irritation and allergies,30C
homeopathy,Hypericum,Nerve injuries,30C
homeopathy,Kali Bichromicum,"Sinus issues, sticky mucus",30C
homeopathy,Lachesis,"Menopausal symptoms, jealousy",30C
homeopathy,Allium Cepa,"Cold, runny nose, sneezing",30C
homeopathy,Apis Mellifica,"Swelling, stings, hives",30C
homeopathy,Arsenicum Album,"Food poisoning, restlessness",30C
homeopathy,Baryta Carbonica,"Shyness, developmental delay",30C
homeopathy,Cocculus Indicus,"Jet lag, motion sickness",30C
homeopathy,Dulcamara,Cold from damp weather,30C
homeopathy,Euphrasia,Eye irritation and allergies,30C
homeopathy,Hypericum,Nerve injuries,30C
homeopathy,Kali Bichromicum,"Sinus issues, sticky mucus",30C
homeopathy,Lachesis,"Menopausal symptoms, jealousy",30C
homeopathy,Allium Cepa,"Cold, runny nose, sneezing",30C
homeopathy,Apis Mellifica,"Swelling, stings, hives",30C
homeopathy,Arsenicum Album,"Food poisoning, restlessness",30C
homeopathy,Baryta Carbonica,"Shyness, developmental delay",30C
homeopathy,Cocculus Indicus,"Jet lag, motion sickness",30C
homeopathy,Dulcamara,Cold from damp weather,30C
homeopathy,Euphrasia,Eye irritation and allergies,30C
homeopathy,Hypericum,Nerve injuries,30C
homeopathy,Kali Bichromicum,"Sinus issues, sticky mucus",30C
homeopathy,Lachesis,"Menopausal symptoms, jealousy",30C
homeopathy,Allium Cepa,"Cold, runny nose, sneezing",30C
homeopathy,Apis Mellifica,"Swelling, stings, hives",30C
homeopathy,Arsenicum Album,"Food poisoning, restlessness",30C
homeopathy,Baryta Carbonica,"Shyness, developmental delay",30C
homeopathy,Cocculus Indicus,"Jet lag, motion sickness",30C
homeopathy,Dulcamara,Cold from damp weather,30C
homeopathy,Euphrasia,Eye irritation and allergies,30C
homeopathy,Hypericum,Nerve injuries,30C
homeopathy,Kali Bichromicum,"Sinus issues, sticky mucus",30C
homeopathy,Lachesis,"Menopausal symptoms, jealousy",30C
homeopathy,Allium Cepa,"Cold, runny nose, sneezing",30C
homeopathy,Apis Mellifica,"Swelling, stings, hives",30C
homeopathy,Arsenicum Album,"Food poisoning, restlessness",30C
homeopathy,Baryta Carbonica,"Shyness, developmental delay",30C
homeopathy,Cocculus Indicus,"Jet lag, motion sickness",30C
homeopathy,Dulcamara,Cold from damp weather,30C
homeopathy,Euphrasia,Eye irritation and allergies,30C
homeopathy,Hypericum,Nerve injuries,30C
homeopathy,Kali Bichromicum,"Sinus issues, sticky mucus",30C
homeopathy,Lachesis,"Menopausal symptoms, jealousy",30C
homeopathy,Allium Cepa,"Cold, runny nose, sneezing",30C
homeopathy,Apis Mellifica,"Swelling, stings, hives",30C
homeopathy,Arsenicum Album,"Food poisoning, restlessness",30C
homeopathy,Baryta Carbonica,"Shyness, developmental delay",30C
homeopathy,Cocculus Indicus,"Jet lag, motion sickness",30C
homeopathy,Dulcamara,Cold from damp weather,30C
homeopathy,Euphrasia,Eye irritation and allergies,30C
homeopathy,Hypericum,Nerve injuries,30C
homeopathy,Kali Bichromicum,"Sinus issues, sticky mucus",30C
homeopathy,Lachesis,"Menopausal symptoms, jealousy",30C
homeopathy,Allium Cepa,"Cold, runny nose, sneezing",30C
homeopathy,Apis Mellifica,"Swelling, stings, hives",30C
homeopathy,Arsenicum Album,"Food poisoning, restlessness",30C
homeopathy,Baryta Carbonica,"Shyness, developmental delay",30C
homeopathy,Cocculus Indicus,"Jet lag, motion sickness",30C
homeopathy,Dulcamara,Cold from damp weather,30C
homeopathy,Euphrasia,Eye irritation and allergies,30C
homeopathy,Hypericum,Nerve injuries,30C
homeopathy,Kali Bichromicum,"Sinus issues, sticky mucus",30C
homeopathy,Lachesis,"Menopausal symptoms, jealousy",30C
homeopathy,Allium Cepa,"Cold, runny nose, sneezing",30C
homeopathy,Apis Mellifica,"Swelling, stings, hives",30C
homeopathy,Arsenicum Album,"Food poisoning, restlessness",30C
homeopathy,Baryta Carbonica,"Shyness, developmental delay",30C
homeopathy,Cocculus Indicus,"Jet lag, motion sickness",30C
homeopathy,Dulcamara,Cold from damp weather,30C
homeopathy,Euphrasia,Eye irritation and allergies,30C
homeopathy,Hypericum,Nerve injuries,30C
homeopathy,Kali Bichromicum,"Sinus issues, sticky mucus",30C
homeopathy,Lachesis,"Menopausal symptoms, jealousy",30C
homeopathy,Allium Cepa,"Cold, runny nose, sneezing",30C
homeopathy,Apis Mellifica,"Swelling, stings, hives",30C
homeopathy,Arsenicum Album,"Food poisoning, restlessness",30C
homeopathy,Baryta Carbonica,"Shyness, developmental delay",30C
homeopathy,Cocculus Indicus,"Jet lag, motion sickness",30C
homeopathy,Dulcamara,Cold from damp weather,30C
homeopathy,Euphrasia,Eye irritation and allergies,30C
homeopathy,Hypericum,Nerve injuries,30C
homeopathy,Kali Bichromicum,"Sinus issues, sticky mucus",30C
homeopathy,Lachesis,"Menopausal symptoms, jealousy",30C
homeopathy,Allium Cepa,"Cold, runny nose, sneezing",30C
homeopathy,Apis Mellifica,"Swelling, stings, hives",30C
homeopathy,Arsenicum Album,"Food poisoning, restlessness",30C
homeopathy,Baryta Carbonica,"Shyness, developmental delay",30C
homeopathy,Cocculus Indicus,"Jet lag, motion sickness",30C
homeopathy,Dulcamara,Cold from damp weather,30C
homeopathy,Euphrasia,Eye irritation and allergies,30C
homeopathy,Hypericum,Nerve injuries,30C
homeopathy,Kali Bichromicum,"Sinus issues, sticky mucus",30C
homeopathy,Lachesis,"Menopausal symptoms, jealousy",30C
homeopathy,Allium Cepa,"Cold, runny nose, sneezing",30C
homeopathy,Apis Mellifica,"Swelling, stings, hives",30C
homeopathy,Arsenicum Album,"Food poisoning, restlessness",30C
homeopathy,Baryta Carbonica,"Shyness, developmental delay",30C
homeopathy,Cocculus Indicus,"Jet lag, motion sickness",30C
homeopathy,Dulcamara,Cold from damp weather,30C
homeopathy,Euphrasia,Eye irritation and allergies,30C
homeopathy,Hypericum,Nerve injuries,30C
homeopathy,Kali Bichromicum,"Sinus issues, sticky mucus",30C
homeopathy,Lachesis,"Menopausal symptoms, jealousy",30C
homeopathy,Allium Cepa,"Cold, runny nose, sneezing",30C
homeopathy,Apis Mellifica,"Swelling, stings, hives",30C
homeopathy,Arsenicum Album,"Food poisoning, restlessness",30C
homeopathy,Baryta Carbonica,"Shyness, developmental delay",30C
homeopathy,Cocculus Indicus,"Jet lag, motion sickness",30C
homeopathy,Dulcamara,Cold from damp weather,30C
homeopathy,Euphrasia,Eye irritation and allergies,30C
homeopathy,Hypericum,Nerve injuries,30C
homeopathy,Kali Bichromicum,"Sinus issues, sticky mucus",30C
homeopathy,Lachesis,"Menopausal symptoms, jealousy",30C
homeopathy,Allium Cepa,"Cold, runny nose, sneezing",30C
homeopathy,Apis Mellifica,"Swelling, stings, hives",30C
homeopathy,Arsenicum Album,"Food poisoning, restlessness",30C
homeopathy,Baryta Carbonica,"Shyness, developmental delay",30C
homeopathy,Cocculus Indicus,"Jet lag, motion sickness",30C
homeopathy,Dulcamara,Cold from damp weather,30C
homeopathy,Euphrasia,Eye irritation and allergies,30C
homeopathy,Hypericum,Nerve injuries,30C
homeopathy,Kali Bichromicum,"Sinus issues, sticky mucus",30C
homeopathy,Lachesis,"Menopausal symptoms, jealousy",30C
homeopathy,Allium Cepa,"Cold, runny nose, sneezing",30C
homeopathy,Apis Mellifica,"Swelling, stings, hives",30C
homeopathy,Arsenicum Album,"Food poisoning, restlessness",30C
homeopathy,Baryta Carbonica,"Shyness, developmental delay",30C
homeopathy,Cocculus Indicus,"Jet lag, motion sickness",30C
homeopathy,Dulcamara,Cold from damp weather,30C
homeopathy,Euphrasia,Eye irritation and allergies,30C
homeopathy,Hypericum,Nerve injuries,30C
homeopathy,Kali Bichromicum,"Sinus issues, sticky mucus",30C
homeopathy,Lachesis,"Menopausal symptoms, jealousy",30C
homeopathy,Allium Cepa,"Cold, runny nose, sneezing",30C
homeopathy,Apis Mellifica,"Swelling, stings, hives",30C
homeopathy,Arsenicum Album,"Food poisoning, restlessness",30C
homeopathy,Baryta Carbonica,"Shyness, developmental delay",30C
homeopathy,Cocculus Indicus,"Jet lag, motion sickness",30C
homeopathy,Dulcamara,Cold from damp weather,30C
homeopathy,Euphrasia,Eye irritation and allergies,30C
homeopathy,Hypericum,Nerve injuries,30C
homeopathy,Kali Bichromicum,"Sinus issues, sticky mucus",30C
homeopathy,Lachesis,"Menopausal symptoms, jealousy",30C
homeopathy,Allium Cepa,"Cold, runny nose, sneezing",30C
homeopathy,Apis Mellifica,"Swelling, stings, hives",30C
homeopathy,Arsenicum Album,"Food poisoning, restlessness",30C
homeopathy,Baryta Carbonica,"Shyness, developmental delay",30C
homeopathy,Cocculus Indicus,"Jet lag, motion sickness",30C
homeopathy,Dulcamara,Cold from damp weather,30C
homeopathy,Euphrasia,Eye irritation and allergies,30C
homeopathy,Hypericum,Nerve injuries,30C
homeopathy,Kali Bichromicum,"Sinus issues, sticky mucus",30C
homeopathy,Lachesis,"Menopausal symptoms, jealousy",30C
homeopathy,Allium Cepa,"Cold, runny nose, sneezing",30C
homeopathy,Apis Mellifica,"Swelling, stings, hives",30C
homeopathy,Arsenicum Album,"Food poisoning, restlessness",30C
homeopathy,Baryta Carbonica,"Shyness, developmental delay",30C
homeopathy,Cocculus Indicus,"Jet lag, motion sickness",30C
homeopathy,Dulcamara,Cold from damp weather,30C
homeopathy,Euphrasia,Eye irritation and allergies,30C
homeopathy,Hypericum,Nerve injuries,30C
homeopathy,Kali Bichromicum,"Sinus issues, sticky mucus",30C
homeopathy,Lachesis,"Menopausal symptoms, jealousy",30C
homeopathy,Allium Cepa,"Cold, runny nose, sneezing",30C
homeopathy,Apis Mellifica,"Swelling, stings, hives",30C
homeopathy,Arsenicum Album,"Food poisoning, restlessness",30C
homeopathy,Baryta Carbonica,"Shyness, developmental delay",30C
homeopathy,Cocculus Indicus,"Jet lag, motion sickness",30C
homeopathy,Dulcamara,Cold from damp weather,30C
homeopathy,Euphrasia,Eye irritation and allergies,30C
homeopathy,Hypericum,Nerve injuries,30C
homeopathy,Kali Bichromicum,"Sinus issues, sticky mucus",30C
homeopathy,Lachesis,"Menopausal symptoms, jealousy",30C
homeopathy,Allium Cepa,"Cold, runny nose, sneezing",30C
homeopathy,Apis Mellifica,"Swelling, stings, hives",30C
homeopathy,Arsenicum Album,"Food poisoning, restlessness",30C
homeopathy,Baryta Carbonica,"Shyness, developmental delay",30C
homeopathy,Cocculus Indicus,"Jet lag, motion sickness",30C
homeopathy,Dulcamara,Cold from damp weather,30C
homeopathy,Euphrasia,Eye irritation and allergies,30C
homeopathy,Hypericum,Nerve injuries,30C
homeopathy,Kali Bichromicum,"Sinus issues, sticky mucus",30C
homeopathy,Lachesis,"Menopausal symptoms, jealousy",30C
homeopathy,Allium Cepa,"Cold, runny nose, sneezing",30C
homeopathy,Apis Mellifica,"Swelling, stings, hives",30C
homeopathy,Arsenicum Album,"Food poisoning, restlessness",30C
homeopathy,Baryta Carbonica,"Shyness, developmental delay",30C
homeopathy,Cocculus Indicus,"Jet lag, motion sickness",30C
homeopathy,Dulcamara,Cold from damp weather,30C
homeopathy,Euphrasia,Eye irritation and allergies,30C
homeopathy,Hypericum,Nerve injuries,30C
homeopathy,Kali Bichromicum,"Sinus issues, sticky mucus",30C
homeopathy,Lachesis,"Menopausal symptoms, jealousy",30C
homeopathy,Allium Cepa,"Cold, runny nose, sneezing",30C
homeopathy,Apis Mellifica,"Swelling, stings, hives",30C
homeopathy,Arsenicum Album,"Food poisoning, restlessness",30C
homeopathy,Baryta Carbonica,"Shyness, developmental delay",30C
homeopathy,Cocculus Indicus,"Jet lag, motion sickness",30C
homeopathy,Dulcamara,Cold from damp weather,30C
homeopathy,Euphrasia,Eye irritation and allergies,30C
homeopathy,Hypericum,Nerve injuries,30C
homeopathy,Kali Bichromicum,"Sinus issues, sticky mucus",30C
homeopathy,Lachesis,"Menopausal symptoms, jealousy",30C
homeopathy,Allium Cepa,"Cold, runny nose, sneezing",30C
homeopathy,Apis Mellifica,"Swelling, stings, hives",30C
homeopathy,Arsenicum Album,"Food poisoning, restlessness",30C
homeopathy,Baryta Carbonica,"Shyness, developmental delay",30C
homeopathy,Cocculus Indicus,"Jet lag, motion sickness",30C
homeopathy,Dulcamara,Cold from damp weather,30C
homeopathy,Euphrasia,Eye irritation and allergies,30C
homeopathy,Hypericum,Nerve injuries,30C
homeopathy,Kali Bichromicum,"Sinus issues, sticky mucus",30C
homeopathy,Lachesis,"Menopausal symptoms, jealousy",30C
homeopathy,Allium Cepa,"Cold, runny nose, sneezing",30C
homeopathy,Apis Mellifica,"Swelling, stings, hives",30C
homeopathy,Arsenicum Album,"Food poisoning, restlessness",30C
homeopathy,Baryta Carbonica,"Shyness, developmental delay",30C
homeopathy,Cocculus Indicus,"Jet lag, motion sickness",30C
homeopathy,Dulcamara,Cold from damp weather,30C
homeopathy,Euphrasia,Eye irritation and allergies,30C
homeopathy,Hypericum,Nerve injuries,30C
homeopathy,Kali Bichromicum,"Sinus issues, sticky mucus",30C
homeopathy,Lachesis,"Menopausal symptoms, jealousy",30C
frequency,111 Hz,Cellular regeneration,111
frequency,285 Hz,Tissue healing,285
frequency,174 Hz,Pain relief,174
frequency,432 Hz,Universal harmony,432
frequency,888 Hz,Abundance alignment,888
frequency,963 Hz,Pineal gland activation,963
frequency,222 Hz,Emotional clarity,222
frequency,111 Hz,Cellular regeneration,111
frequency,285 Hz,Tissue healing,285
frequency,174 Hz,Pain relief,174
frequency,432 Hz,Universal harmony,432
frequency,888 Hz,Abundance alignment,888
frequency,963 Hz,Pineal gland activation,963
frequency,222 Hz,Emotional clarity,222
frequency,111 Hz,Cellular regeneration,111
frequency,285 Hz,Tissue healing,285
frequency,174 Hz,Pain relief,174
frequency,432 Hz,Universal harmony,432
frequency,888 Hz,Abundance alignment,888
frequency,963 Hz,Pineal gland activation,963
frequency,222 Hz,Emotional clarity,222
frequency,111 Hz,Cellular regeneration,111
frequency,285 Hz,Tissue healing,285
frequency,174 Hz,Pain relief,174
frequency,432 Hz,Universal harmony,432
frequency,888 Hz,Abundance alignment,888
frequency,963 Hz,Pineal gland activation,963
frequency,222 Hz,Emotional clarity,222
frequency,111 Hz,Cellular regeneration,111
frequency,285 Hz,Tissue healing,285
frequency,174 Hz,Pain relief,174
frequency,432 Hz,Universal harmony,432
frequency,888 Hz,Abundance alignment,888
frequency,963 Hz,Pineal gland activation,963
frequency,222 Hz,Emotional clarity,222
frequency,111 Hz,Cellular regeneration,111
frequency,285 Hz,Tissue healing,285
frequency,174 Hz,Pain relief,174
frequency,432 Hz,Universal harmony,432
frequency,888 Hz,Abundance alignment,888
frequency,963 Hz,Pineal gland activation,963
frequency,222 Hz,Emotional clarity,222
frequency,111 Hz,Cellular regeneration,111
frequency,285 Hz,Tissue healing,285
frequency,174 Hz,Pain relief,174
frequency,432 Hz,Universal harmony,432
frequency,888 Hz,Abundance alignment,888
frequency,963 Hz,Pineal gland activation,963
frequency,222 Hz,Emotional clarity,222
frequency,111 Hz,Cellular regeneration,111
frequency,285 Hz,Tissue healing,285
frequency,174 Hz,Pain relief,174
frequency,432 Hz,Universal harmony,432
frequency,888 Hz,Abundance alignment,888
frequency,963 Hz,Pineal gland activation,963
frequency,222 Hz,Emotional clarity,222
frequency,111 Hz,Cellular regeneration,111
frequency,285 Hz,Tissue healing,285
frequency,174 Hz,Pain relief,174
frequency,432 Hz,Universal harmony,432
frequency,888 Hz,Abundance alignment,888
frequency,963 Hz,Pineal gland activation,963
frequency,222 Hz,Emotional clarity,222
frequency,111 Hz,Cellular regeneration,111
frequency,285 Hz,Tissue healing,285
frequency,174 Hz,Pain relief,174
frequency,432 Hz,Universal harmony,432
frequency,888 Hz,Abundance alignment,888
frequency,963 Hz,Pineal gland activation,963
frequency,222 Hz,Emotional clarity,222
frequency,396 Hz,Liberating guilt & fear,396
frequency,417 Hz,Undoing situations & facilitating change,417
frequency,528 Hz,DNA repair & miracles,528
frequency,639 Hz,Harmonious relationships,639
frequency,741 Hz,"Self-expression, detox",741
frequency,852 Hz,Awakening intuition,852
frequency,963 Hz,Spiritual connection,963
frequency,396 Hz,Liberating guilt & fear,396
frequency,417 Hz,Undoing situations & facilitating change,417
frequency,528 Hz,DNA repair & miracles,528
frequency,639 Hz,Harmonious relationships,639
frequency,741 Hz,"Self-expression, detox",741
frequency,852 Hz,Awakening intuition,852
frequency,963 Hz,Spiritual connection,963
frequency,396 Hz,Liberating guilt & fear,396
frequency,417 Hz,Undoing situations & facilitating change,417
frequency,528 Hz,DNA repair & miracles,528
frequency,639 Hz,Harmonious relationships,639
frequency,741 Hz,"Self-expression, detox",741
frequency,852 Hz,Awakening intuition,852
frequency,963 Hz,Spiritual connection,963
frequency,396 Hz,Liberating guilt & fear,396
frequency,417 Hz,Undoing situations & facilitating change,417
frequency,528 Hz,DNA repair & miracles,528
frequency,639 Hz,Harmonious relationships,639
frequency,741 Hz,"Self-expression, detox",741
frequency,852 Hz,Awakening intuition,852
frequency,963 Hz,Spiritual connection,963
frequency,396 Hz,Liberating guilt & fear,396
frequency,417 Hz,Undoing situations & facilitating change,417
frequency,528 Hz,DNA repair & miracles,528
frequency,639 Hz,Harmonious relationships,639
frequency,741 Hz,"Self-expression, detox",741
frequency,852 Hz,Awakening intuition,852
frequency,963 Hz,Spiritual connection,963
frequency,396 Hz,Liberating guilt & fear,396
frequency,417 Hz,Undoing situations & facilitating change,417
frequency,528 Hz,DNA repair & miracles,528
frequency,639 Hz,Harmonious relationships,639
frequency,741 Hz,"Self-expression, detox",741
frequency,852 Hz,Awakening intuition,852
frequency,963 Hz,Spiritual connection,963
frequency,396 Hz,Liberating guilt & fear,396
frequency,417 Hz,Undoing situations & facilitating change,417
frequency,528 Hz,DNA repair & miracles,528
frequency,639 Hz,Harmonious relationships,639
frequency,741 Hz,"Self-expression, detox",741
frequency,852 Hz,Awakening intuition,852
frequency,963 Hz,Spiritual connection,963
frequency,396 Hz,Liberating guilt & fear,396
frequency,417 Hz,Undoing situations & facilitating change,417
frequency,528 Hz,DNA repair & miracles,528
frequency,639 Hz,Harmonious relationships,639
frequency,741 Hz,"Self-expression, detox",741
frequency,852 Hz,Awakening intuition,852
frequency,963 Hz,Spiritual connection,963
frequency,396 Hz,Liberating guilt & fear,396
frequency,417 Hz,Undoing situations & facilitating change,417
frequency,528 Hz,DNA repair & miracles,528
frequency,639 Hz,Harmonious relationships,639
frequency,741 Hz,"Self-expression, detox",741
frequency,852 Hz,Awakening intuition,852
frequency,963 Hz,Spiritual connection,963
frequency,396 Hz,Liberating guilt & fear,396
frequency,417 Hz,Undoing situations & facilitating change,417
frequency,528 Hz,DNA repair & miracles,528
frequency,639 Hz,Harmonious relationships,639
frequency,741 Hz,"Self-expression, detox",741
frequency,852 Hz,Awakening intuition,852
frequency,963 Hz,Spiritual connection,963
frequency,285 Hz,Tissue healing and rejuvenation,285
frequency,174 Hz,Pain relief and grounding,174
frequency,134 Hz,Fatigue recovery,134
frequency,963 Hz,Awaken perfect state,963
frequency,420 Hz,Balance female/male energies,420
frequency,1000 Hz,Crown chakra alignment,1000
frequency,144 Hz,Galactic bridge frequency,144
frequency,285 Hz,Tissue healing and rejuvenation,285
frequency,174 Hz,Pain relief and grounding,174
frequency,134 Hz,Fatigue recovery,134
frequency,963 Hz,Awaken perfect state,963
frequency,420 Hz,Balance female/male energies,420
frequency,1000 Hz,Crown chakra alignment,1000
frequency,144 Hz,Galactic bridge frequency,144
frequency,285 Hz,Tissue healing and rejuvenation,285
frequency,174 Hz,Pain relief and grounding,174
frequency,134 Hz,Fatigue recovery,134
frequency,963 Hz,Awaken perfect state,963
frequency,420 Hz,Balance female/male energies,420
frequency,1000 Hz,Crown chakra alignment,1000
frequency,144 Hz,Galactic bridge frequency,144
frequency,285 Hz,Tissue healing and rejuvenation,285
frequency,174 Hz,Pain relief and grounding,174
frequency,134 Hz,Fatigue recovery,134
frequency,963 Hz,Awaken perfect state,963
frequency,420 Hz,Balance female/male energies,420
frequency,1000 Hz,Crown chakra alignment,1000
frequency,144 Hz,Galactic bridge frequency,144
frequency,285 Hz,Tissue healing and rejuvenation,285
frequency,174 Hz,Pain relief and grounding,174
frequency,134 Hz,Fatigue recovery,134
frequency,963 Hz,Awaken perfect state,963
frequency,420 Hz,Balance female/male energies,420
frequency,1000 Hz,Crown chakra alignment,1000
frequency,144 Hz,Galactic bridge frequency,144
frequency,285 Hz,Tissue healing and rejuvenation,285
frequency,174 Hz,Pain relief and grounding,174
frequency,134 Hz,Fatigue recovery,134
frequency,963 Hz,Awaken perfect state,963
frequency,420 Hz,Balance female/male energies,420
frequency,1000 Hz,Crown chakra alignment,1000
frequency,144 Hz,Galactic bridge frequency,144
frequency,285 Hz,Tissue healing and rejuvenation,285
frequency,174 Hz,Pain relief and grounding,174
frequency,134 Hz,Fatigue recovery,134
frequency,963 Hz,Awaken perfect state,963
frequency,420 Hz,Balance female/male energies,420
frequency,1000 Hz,Crown chakra alignment,1000
frequency,144 Hz,Galactic bridge frequency,144
frequency,285 Hz,Tissue healing and rejuvenation,285
frequency,174 Hz,Pain relief and grounding,174
frequency,134 Hz,Fatigue recovery,134
frequency,963 Hz,Awaken perfect state,963
frequency,420 Hz,Balance female/male energies,420
frequency,1000 Hz,Crown chakra alignment,1000
frequency,144 Hz,Galactic bridge frequency,144
frequency,285 Hz,Tissue healing and rejuvenation,285
frequency,174 Hz,Pain relief and grounding,174
frequency,134 Hz,Fatigue recovery,134
frequency,963 Hz,Awaken perfect state,963
frequency,420 Hz,Balance female/male energies,420
frequency,1000 Hz,Crown chakra alignment,1000
frequency,144 Hz,Galactic bridge frequency,144
frequency,285 Hz,Tissue healing and rejuvenation,285
frequency,174 Hz,Pain relief and grounding,174
frequency,134 Hz,Fatigue recovery,134
frequency,963 Hz,Awaken perfect state,963
frequency,420 Hz,Balance female/male energies,420
frequency,1000 Hz,Crown chakra alignment,1000
frequency,144 Hz,Galactic bridge frequency,144
switchword,TOGETHER,"Unify mind, body, soul",
switchword,DIVINE,Manifest ideal outcomes,
switchword,HALFWAY,Ease progress,
switchword,REACH,Achieve goals,
switchword,FIND,Locate lost things,
switchword,LOVE,Activate harmony,
switchword,BRING,Manifest results,
switchword,TOGETHER,"Unify mind, body, soul",
switchword,DIVINE,Manifest ideal outcomes,
switchword,HALFWAY,Ease progress,
switchword,REACH,Achieve goals,
switchword,FIND,Locate lost things,
switchword,LOVE,Activate harmony,
switchword,BRING,Manifest results,
switchword,TOGETHER,"Unify mind, body, soul",
switchword,DIVINE,Manifest ideal outcomes,
switchword,HALFWAY,Ease progress,
switchword,REACH,Achieve goals,
switchword,FIND,Locate lost things,
switchword,LOVE,Activate harmony,
switchword,BRING,Manifest results,
switchword,TOGETHER,"Unify mind, body, soul",
switchword,DIVINE,Manifest ideal outcomes,
switchword,HALFWAY,Ease progress,
switchword,REACH,Achieve goals,
switchword,FIND,Locate lost things,
switchword,LOVE,Activate harmony,
switchword,BRING,Manifest results,
switchword,TOGETHER,"Unify mind, body, soul",
switchword,DIVINE,Manifest ideal outcomes,
switchword,HALFWAY,Ease progress,
switchword,REACH,Achieve goals,
switchword,FIND,Locate lost things,
switchword,LOVE,Activate harmony,
switchword,BRING,Manifest results,
switchword,TOGETHER,"Unify mind, body, soul",
switchword,DIVINE,Manifest ideal outcomes,
switchword,HALFWAY,Ease progress,
switchword,REACH,Achieve goals,
switchword,FIND,Locate lost things,
switchword,LOVE,Activate harmony,
switchword,BRING,Manifest results,
switchword,TOGETHER,"Unify mind, body, soul",
switchword,DIVINE,Manifest ideal outcomes,
switchword,HALFWAY,Ease progress,
switchword,REACH,Achieve goals,
switchword,FIND,Locate lost things,
switchword,LOVE,Activate harmony,
switchword,BRING,Manifest results,
switchword,TOGETHER,"Unify mind, body, soul",
switchword,DIVINE,Manifest ideal outcomes,
switchword,HALFWAY,Ease progress,
switchword,REACH,Achieve goals,
switchword,FIND,Locate lost things,
switchword,LOVE,Activate harmony,
switchword,BRING,Manifest results,
switchword,TOGETHER,"Unify mind, body, soul",
switchword,DIVINE,Manifest ideal outcomes,
switchword,HALFWAY,Ease progress,
switchword,REACH,Achieve goals,
switchword,FIND,Locate lost things,
switchword,LOVE,Activate harmony,
switchword,BRING,Manifest results,
switchword,TOGETHER,"Unify mind, body, soul",
switchword,DIVINE,Manifest ideal outcomes,
switchword,HALFWAY,Ease progress,
switchword,REACH,Achieve goals,
switchword,FIND,Locate lost things,
switchword,LOVE,Activate harmony,
switchword,BRING,Manifest results,
switchword,TOGETHER,"Unify mind, body, soul",
switchword,DIVINE,Manifest ideal outcomes,
switchword,HALFWAY,Ease progress,
switchword,REACH,Achieve goals,
switchword,FIND,Locate lost things,
switchword,LOVE,Activate harmony,
switchword,BRING,Manifest results,
switchword,TOGETHER,"Unify mind, body, soul",
switchword,DIVINE,Manifest ideal outcomes,
switchword,HALFWAY,Ease progress,
switchword,REACH,Achieve goals,
switchword,FIND,Locate lost things,
switchword,LOVE,Activate harmony,
switchword,BRING,Manifest results,
switchword,TOGETHER,"Unify mind, body, soul",
switchword,DIVINE,Manifest ideal outcomes,
switchword,HALFWAY,Ease progress,
switchword,REACH,Achieve goals,
switchword,FIND,Locate lost things,
switchword,LOVE,Activate harmony,
switchword,BRING,Manifest results,
switchword,TOGETHER,"Unify mind, body, soul",
switchword,DIVINE,Manifest ideal outcomes,
switchword,HALFWAY,Ease progress,
switchword,REACH,Achieve goals,
switchword,FIND,Locate lost things,
switchword,LOVE,Activate harmony,
switchword,BRING,Manifest results,
switchword,TOGETHER,"Unify mind, body, soul",
switchword,DIVINE,Manifest ideal outcomes,
switchword,HALFWAY,Ease progress,
switchword,REACH,Achieve goals,
switchword,FIND,Locate lost things,
switchword,LOVE,Activate harmony,
switchword,BRING,Manifest results,
switchword,NOW,Activate present moment awareness,
switchword,ACT,Initiate action and movement,
switchword,ON,Power up any process,
switchword,BE,Access identity and core being,
switchword,GO,Initiate and travel forward,
switchword,OPEN,Unlock resistance,
switchword,YES,Enable receptivity,
switchword,NOW,Activate present moment awareness,
switchword,ACT,Initiate action and movement,
switchword,ON,Power up any process,
switchword,BE,Access identity and core being,
switchword,GO,Initiate and travel forward,
switchword,OPEN,Unlock resistance,
switchword,YES,Enable receptivity,
switchword,NOW,Activate present moment awareness,
switchword,ACT,Initiate action and movement,
switchword,ON,Power up any process,
switchword,BE,Access identity and core being,
switchword,GO,Initiate and travel forward,
switchword,OPEN,Unlock resistance,
switchword,YES,Enable receptivity,
switchword,NOW,Activate present moment awareness,
switchword,ACT,Initiate action and movement,
switchword,ON,Power up any process,
switchword,BE,Access identity and core being,
switchword,GO,Initiate and travel forward,
switchword,OPEN,Unlock resistance,
switchword,YES,Enable receptivity,
switchword,NOW,Activate present moment awareness,
switchword,ACT,Initiate action and movement,
switchword,ON,Power up any process,
switchword,BE,Access identity and core being,
switchword,GO,Initiate and travel forward,
switchword,OPEN,Unlock resistance,
switchword,YES,Enable receptivity,
switchword,NOW,Activate present moment awareness,
switchword,ACT,Initiate action and movement,
switchword,ON,Power up any process,
switchword,BE,Access identity and core being,
switchword,GO,Initiate and travel forward,
switchword,OPEN,Unlock resistance,
switchword,YES,Enable receptivity,
switchword,NOW,Activate present moment awareness,
switchword,ACT,Initiate action and movement,
switchword,ON,Power up any process,
switchword,BE,Access identity and core being,
switchword,GO,Initiate and travel forward,
switchword,OPEN,Unlock resistance,
switchword,YES,Enable receptivity,
switchword,NOW,Activate present moment awareness,
switchword,ACT,Initiate action and movement,
switchword,ON,Power up any process,
switchword,BE,Access identity and core being,
switchword,GO,Initiate and travel forward,
switchword,OPEN,Unlock resistance,
switchword,YES,Enable receptivity,
switchword,NOW,Activate present moment awareness,
switchword,ACT,Initiate action and movement,
switchword,ON,Power up any process,
switchword,BE,Access identity and core being,
switchword,GO,Initiate and travel forward,
switchword,OPEN,Unlock resistance,
switchword,YES,Enable receptivity,
switchword,NOW,Activate present moment awareness,
switchword,ACT,Initiate action and movement,
switchword,ON,Power up any process,
switchword,BE,Access identity and core being,
switchword,GO,Initiate and travel forward,
switchword,OPEN,Unlock resistance,
switchword,YES,Enable receptivity,
switchword,NOW,Activate present moment awareness,
switchword,ACT,Initiate action and movement,
switchword,ON,Power up any process,
switchword,BE,Access identity and core being,
switchword,GO,Initiate and travel forward,
switchword,OPEN,Unlock resistance,
switchword,YES,Enable receptivity,
switchword,NOW,Activate present moment awareness,
switchword,ACT,Initiate action and movement,
switchword,ON,Power up any process,
switchword,BE,Access identity and core being,
switchword,GO,Initiate and travel forward,
switchword,OPEN,Unlock resistance,
switchword,YES,Enable receptivity,
switchword,NOW,Activate present moment awareness,
switchword,ACT,Initiate action and movement,
switchword,ON,Power up any process,
switchword,BE,Access identity and core being,
switchword,GO,Initiate and travel forward,
switchword,OPEN,Unlock resistance,
switchword,YES,Enable receptivity,
switchword,NOW,Activate present moment awareness,
switchword,ACT,Initiate action and movement,
switchword,ON,Power up any process,
switchword,BE,Access identity and core being,
switchword,GO,Initiate and travel forward,
switchword,OPEN,Unlock resistance,
switchword,YES,Enable receptivity,
switchword,NOW,Activate present moment awareness,
switchword,ACT,Initiate action and movement,
switchword,ON,Power up any process,
switchword,BE,Access identity and core being,
switchword,GO,Initiate and travel forward,
switchword,OPEN,Unlock resistance,
switchword,YES,Enable receptivity,
switchword,GIVE,Unblock flow and abundance,
switchword,RELEASE,Let go of trauma or fear,
switchword,FLOW,Sustain creative productivity,
switchword,TRUST,Invoke divine timing,
switchword,HEAL,Accelerate recovery,
switchword,GROW,Expand awareness and success,
switchword,RISE,Overcome adversity,
switchword,GIVE,Unblock flow and abundance,
switchword,RELEASE,Let go of trauma or fear,
switchword,FLOW,Sustain creative productivity,
switchword,TRUST,Invoke divine timing,
switchword,HEAL,Accelerate recovery,
switchword,GROW,Expand awareness and success,
switchword,RISE,Overcome adversity,
switchword,GIVE,Unblock flow and abundance,
switchword,RELEASE,Let go of trauma or fear,
switchword,FLOW,Sustain creative productivity,
switchword,TRUST,Invoke divine timing,
switchword,HEAL,Accelerate recovery,
switchword,GROW,Expand awareness and success,
switchword,RISE,Overcome adversity,
switchword,GIVE,Unblock flow and abundance,
switchword,RELEASE,Let go of trauma or fear,
switchword,FLOW,Sustain creative productivity,
switchword,TRUST,Invoke divine timing,
switchword,HEAL,Accelerate recovery,
switchword,GROW,Expand awareness and success,
switchword,RISE,Overcome adversity,
switchword,GIVE,Unblock flow and abundance,
switchword,RELEASE,Let go of trauma or fear,
switchword,FLOW,Sustain creative productivity,
switchword,TRUST,Invoke divine timing,
switchword,HEAL,Accelerate recovery,
switchword,GROW,Expand awareness and success,
switchword,RISE,Overcome adversity,
switchword,GIVE,Unblock flow and abundance,
switchword,RELEASE,Let go of trauma or fear,
switchword,FLOW,Sustain creative productivity,
switchword,TRUST,Invoke divine timing,
switchword,HEAL,Accelerate recovery,
switchword,GROW,Expand awareness and success,
switchword,RISE,Overcome adversity,
switchword,GIVE,Unblock flow and abundance,
switchword,RELEASE,Let go of trauma or fear,
switchword,FLOW,Sustain creative productivity,
switchword,TRUST,Invoke divine timing,
switchword,HEAL,Accelerate recovery,
switchword,GROW,Expand awareness and success,
switchword,RISE,Overcome adversity,
switchword,GIVE,Unblock flow and abundance,
switchword,RELEASE,Let go of trauma or fear,
switchword,FLOW,Sustain creative productivity,
switchword,TRUST,Invoke divine timing,
switchword,HEAL,Accelerate recovery,
switchword,GROW,Expand awareness and success,
switchword,RISE,Overcome adversity,
switchword,GIVE,Unblock flow and abundance,
switchword,RELEASE,Let go of trauma or fear,
switchword,FLOW,Sustain creative productivity,
switchword,TRUST,Invoke divine timing,
switchword,HEAL,Accelerate recovery,
switchword,GROW,Expand awareness and success,
switchword,RISE,Overcome adversity,
switchword,GIVE,Unblock flow and abundance,
switchword,RELEASE,Let go of trauma or fear,
switchword,FLOW,Sustain creative productivity,
switchword,TRUST,Invoke divine timing,
switchword,HEAL,Accelerate recovery,
switchword,GROW,Expand awareness and success,
switchword,RISE,Overcome adversity,
switchword,GIVE,Unblock flow and abundance,
switchword,RELEASE,Let go of trauma or fear,
switchword,FLOW,Sustain creative productivity,
switchword,TRUST,Invoke divine timing,
switchword,HEAL,Accelerate recovery,
switchword,GROW,Expand awareness and success,
switchword,RISE,Overcome adversity,
switchword,GIVE,Unblock flow and abundance,
switchword,RELEASE,Let go of trauma or fear,
switchword,FLOW,Sustain creative productivity,
switchword,TRUST,Invoke divine timing,
switchword,HEAL,Accelerate recovery,
switchword,GROW,Expand awareness and success,
switchword,RISE,Overcome adversity,
switchword,GIVE,Unblock flow and abundance,
switchword,RELEASE,Let go of trauma or fear,
switchword,FLOW,Sustain creative productivity,
switchword,TRUST,Invoke divine timing,
switchword,HEAL,Accelerate recovery,
switchword,GROW,Expand awareness and success,
switchword,RISE,Overcome adversity,
switchword,GIVE,Unblock flow and abundance,
switchword,RELEASE,Let go of trauma or fear,
switchword,FLOW,Sustain creative productivity,
switchword,TRUST,Invoke divine timing,
switchword,HEAL,Accelerate recovery,
switchword,GROW,Expand awareness and success,
switchword,RISE,Overcome adversity,
switchword,GIVE,Unblock flow and abundance,
switchword,RELEASE,Let go of trauma or fear,
switchword,FLOW,Sustain creative productivity,
switchword,TRUST,Invoke divine timing,
switchword,HEAL,Accelerate recovery,
switchword,GROW,Expand awareness and success,
switchword,RISE,Overcome adversity,
healingcode,22 33 411,Eye healing,
healingcode,15 62 009,Anxiety reduction,
healingcode,88 77 666,Knee joint support,
healingcode,19 81 444,Sleep regulation,
healingcode,20 21 202,Blood sugar balance,
healingcode,11 22 303,Heart healing & love,
healingcode,22 33 411,Eye healing,
healingcode,15 62 009,Anxiety reduction,
healingcode,88 77 666,Knee joint support,
healingcode,19 81 444,Sleep regulation,
healingcode,20 21 202,Blood sugar balance,
healingcode,11 22 303,Heart healing & love,
healingcode,22 33 411,Eye healing,
healingcode,15 62 009,Anxiety reduction,
healingcode,88 77 666,Knee joint support,
healingcode,19 81 444,Sleep regulation,
healingcode,20 21 202,Blood sugar balance,
healingcode,11 22 303,Heart healing & love,
healingcode,22 33 411,Eye healing,
healingcode,15 62 009,Anxiety reduction,
healingcode,88 77 666,Knee joint support,
healingcode,19 81 444,Sleep regulation,
healingcode,20 21 202,Blood sugar balance,
healingcode,11 22 303,Heart healing & love,
healingcode,22 33 411,Eye healing,
healingcode,15 62 009,Anxiety reduction,
healingcode,88 77 666,Knee joint support,
healingcode,19 81 444,Sleep regulation,
healingcode,20 21 202,Blood sugar balance,
healingcode,11 22 303,Heart healing & love,
healingcode,22 33 411,Eye healing,
healingcode,15 62 009,Anxiety reduction,
healingcode,88 77 666,Knee joint support,
healingcode,19 81 444,Sleep regulation,
healingcode,20 21 202,Blood sugar balance,
healingcode,11 22 303,Heart healing & love,
healingcode,22 33 411,Eye healing,
healingcode,15 62 009,Anxiety reduction,
healingcode,88 77 666,Knee joint support,
healingcode,19 81 444,Sleep regulation,
healingcode,20 21 202,Blood sugar balance,
healingcode,11 22 303,Heart healing & love,
healingcode,22 33 411,Eye healing,
healingcode,15 62 009,Anxiety reduction,
healingcode,88 77 666,Knee joint support,
healingcode,19 81 444,Sleep regulation,
healingcode,20 21 202,Blood sugar balance,
healingcode,11 22 303,Heart healing & love,
healingcode,22 33 411,Eye healing,
healingcode,15 62 009,Anxiety reduction,
healingcode,88 77 666,Knee joint support,
healingcode,19 81 444,Sleep regulation,
healingcode,20 21 202,Blood sugar balance,
healingcode,11 22 303,Heart healing & love,
healingcode,22 33 411,Eye healing,
healingcode,15 62 009,Anxiety reduction,
healingcode,88 77 666,Knee joint support,
healingcode,19 81 444,Sleep regulation,
healingcode,20 21 202,Blood sugar balance,
healingcode,11 22 303,Heart healing & love,
healingcode,23 74 555,Headache relief,
healingcode,33 45 634,Cellular repair,
healingcode,12 34 678,Emotional balance,
healingcode,99 88 777,Chronic pain,
healingcode,21 43 101,Heart chakra healing,
healingcode,77 66 55,Immune system boost,
healingcode,23 74 555,Headache relief,
healingcode,33 45 634,Cellular repair,
healingcode,12 34 678,Emotional balance,
healingcode,99 88 777,Chronic pain,
healingcode,21 43 101,Heart chakra healing,
healingcode,77 66 55,Immune system boost,
healingcode,23 74 555,Headache relief,
healingcode,33 45 634,Cellular repair,
healingcode,12 34 678,Emotional balance,
healingcode,99 88 777,Chronic pain,
healingcode,21 43 101,Heart chakra healing,
healingcode,77 66 55,Immune system boost,
healingcode,23 74 555,Headache relief,
healingcode,33 45 634,Cellular repair,
healingcode,12 34 678,Emotional balance,
healingcode,99 88 777,Chronic pain,
healingcode,21 43 101,Heart chakra healing,
healingcode,77 66 55,Immune system boost,
healingcode,23 74 555,Headache relief,
healingcode,33 45 634,Cellular repair,
healingcode,12 34 678,Emotional balance,
healingcode,99 88 777,Chronic pain,
healingcode,21 43 101,Heart chakra healing,
healingcode,77 66 55,Immune system boost,
healingcode,23 74 555,Headache relief,
healingcode,33 45 634,Cellular repair,
healingcode,12 34 678,Emotional balance,
healingcode,99 88 777,Chronic pain,
healingcode,21 43 101,Heart chakra healing,
healingcode,77 66 55,Immune system boost,
healingcode,23 74 555,Headache relief,
healingcode,33 45 634,Cellular repair,
healingcode,12 34 678,Emotional balance,
healingcode,99 88 777,Chronic pain,
healingcode,21 43 101,Heart chakra healing,
healingcode,77 66 55,Immune system boost,
healingcode,23 74 555,Headache relief,
healingcode,33 45 634,Cellular repair,
healingcode,12 34 678,Emotional balance,
healingcode,99 88 777,Chronic pain,
healingcode,21 43 101,Heart chakra healing,
healingcode,77 66 55,Immune system boost,
healingcode,23 74 555,Headache relief,
healingcode,33 45 634,Cellular repair,
healingcode,12 34 678,Emotional balance,
healingcode,99 88 777,Chronic pain,
healingcode,21 43 101,Heart chakra healing,
healingcode,77 66 55,Immune system boost,
healingcode,23 74 555,Headache relief,
healingcode,33 45 634,Cellular repair,
healingcode,12 34 678,Emotional balance,
healingcode,99 88 777,Chronic pain,
healingcode,21 43 101,Heart chakra healing,
healingcode,77 66 55,Immune system boost,
healingcode,88 44 123,Lung support,
healingcode,56 22 444,Allergy healing,
healingcode,11 99 707,Liver detox,
healingcode,32 16 555,Blood purification,
healingcode,90 81 333,Digestive regulation,
healingcode,48 92 610,Mental clarity,
healingcode,88 44 123,Lung support,
healingcode,56 22 444,Allergy healing,
healingcode,11 99 707,Liver detox,
healingcode,32 16 555,Blood purification,
healingcode,90 81 333,Digestive regulation,
healingcode,48 92 610,Mental clarity,
healingcode,88 44 123,Lung support,
healingcode,56 22 444,Allergy healing,
healingcode,11 99 707,Liver detox,
healingcode,32 16 555,Blood purification,
healingcode,90 81 333,Digestive regulation,
healingcode,48 92 610,Mental clarity,
healingcode,88 44 123,Lung support,
healingcode,56 22 444,Allergy healing,
healingcode,11 99 707,Liver detox,
healingcode,32 16 555,Blood purification,
healingcode,90 81 333,Digestive regulation,
healingcode,48 92 610,Mental clarity,
healingcode,88 44 123,Lung support,
healingcode,56 22 444,Allergy healing,
healingcode,11 99 707,Liver detox,
healingcode,32 16 555,Blood purification,
healingcode,90 81 333,Digestive regulation,
healingcode,48 92 610,Mental clarity,
healingcode,88 44 123,Lung support,
healingcode,56 22 444,Allergy healing,
healingcode,11 99 707,Liver detox,
healingcode,32 16 555,Blood purification,
healingcode,90 81 333,Digestive regulation,
healingcode,48 92 610,Mental clarity,
healingcode,88 44 123,Lung support,
healingcode,56 22 444,Allergy healing,
healingcode,11 99 707,Liver detox,
healingcode,32 16 555,Blood purification,
healingcode,90 81 333,Digestive regulation,
healingcode,48 92 610,Mental clarity,
healingcode,88 44 123,Lung support,
healingcode,56 22 444,Allergy healing,
healingcode,11 99 707,Liver detox,
healingcode,32 16 555,Blood purification,
healingcode,90 81 333,Digestive regulation,
healingcode,48 92 610,Mental clarity,
healingcode,88 44 123,Lung support,
healingcode,56 22 444,Allergy healing,
healingcode,11 99 707,Liver detox,
healingcode,32 16 555,Blood purification,
healingcode,90 81 333,Digestive regulation,
healingcode,48 92 610,Mental clarity,
healingcode,88 44 123,Lung support,
healingcode,56 22 444,Allergy healing,
healingcode,11 99 707,Liver detox,
healingcode,32 16 555,Blood purification,
healingcode,90 81 333,Digestive regulation,
healingcode,48 92 610,Mental clarity,

